165634,2e296944-b8c2-432b-9e18-d884ac3e8561
age2empires2020,b671d255-23e2-4b5e-b027-38e019115d8c
ancienttom,b0d44a49-5355-4ee4-afcd-9254713506b3
andersyo99,c7530d7d-3dd4-4c52-8670-f07f2cdf4de6
andrew_baggins,92eb7a6a-5132-4f59-af8c-468587693d54
armsman143,3098b220-1feb-415e-a2ee-179f46c62ddb
austy33,11fda601-13d2-4aff-99ff-c08d1a7270dc
awsome1225,d78de234-b09a-42a2-b425-f78b6fb0ce09
beedoubledee,e23d1b8b-44d6-4d79-8527-1b4551430511
binkabobo,273267dc-485c-4add-818b-e1fa931f43b1
cookta2012,3c180940-0f55-4be4-9018-93e373edf42a
cvbm28,3bba5234-efb8-4806-8aa2-599cde35326c
cyborg20005,a3dad821-2e66-3ab2-9e12-73632b4d772d
dvskid17,92fd6b99-01f8-43e7-9ea0-e7f3ef17fc4e
fluffybaccagirl,a3c9f0dc-021f-38eb-9c51-f5735ed40557
foreverwise,f98fe2b2-320e-42de-ae13-d605d4da3d93
ggron,322a431e-504c-47d1-8233-f1b1eb937f16
gsteen,5395d5c4-88f8-3c3a-897c-698c937aa525
kappa4484,83887923-55e0-4331-8179-f11da00c95c2
michand,83c63584-b37d-4f22-9a3e-fd55906a03c0
mook_to_go,e8b96006-7e25-4881-b118-ed7e44da7b2a
natersteen,0087d48f-92f9-37cd-8773-5e8e88c7f03f
nicklealias,edc11073-490e-4970-ad55-324af14b3142
raetara,0c70f680-dac6-425d-85d7-1fabcb178be4
silverbane,5140f688-861f-4780-a210-0e8ba54492e5
spartanhalo007,1bb42ac4-5af8-4057-a0a9-b654bdef477f
steener75,7d2fe7a8-2ea8-4908-9c6e-54266847a963
suzukihill,a8846cc8-6dae-47e1-b687-e59029accad0
that1wrestler,089c7958-a794-4396-ac50-cc9e6a2ad315
thebabyofcakes,b4cfafbb-5516-4e8f-8195-27ac524c4118
thomasyo009,c44bf1e5-01c0-49bc-9967-4a4eefe795ec
tws228,04f42cd1-77af-4810-9128-c9bcc89ccb62
ukdyl94,e2776962-60eb-466f-b906-226fe9210cf1
wounded_fighter,a3940b9f-15fe-40c4-b361-850ec0871a9c
